timestamp,variable,organization,value,ingestion_time
2024-04-13,CHL-01,adasa,1.4513516426086426,2024-04-14
2024-04-13,SPM-01,adasa,3.33747673034668,2024-04-14
2024-04-13,CHL-01,gsinima,1.0101935863494873,2024-04-14
2024-04-13,SPM-01,gsinima,,2024-04-14
2024-04-12,SPM-01,adasa,0.9498116374015808,2024-04-13
2024-04-12,CHL-01,adasa,4.514719486236572,2024-04-13
2024-04-12,SPM-01,gsinima,0.1645995825529098,2024-04-13
2024-04-12,CHL-01,gsinima,1.6523818969726562,2024-04-13
2024-04-11,CHL-01,adasa,14.049044609069824,2024-04-12
2024-04-11,SPM-01,adasa,2.0687448978424072,2024-04-12
2024-04-11,CHL-01,gsinima,1.1443400382995603,2024-04-12
2024-04-11,SPM-01,gsinima,,2024-04-12
2024-04-10,SPM-01,adasa,2.2816147804260254,2024-04-11
2024-04-10,CHL-01,adasa,0.9185882210731506,2024-04-11
2024-04-10,SPM-01,gsinima,,2024-04-11
2024-04-10,CHL-01,gsinima,1.06209397315979,2024-04-11
2024-04-09,CHL-01,adasa,13.456204414367676,2024-04-10
2024-04-09,SPM-01,adasa,1.7926875352859497,2024-04-10
2024-04-09,CHL-01,gsinima,1.0224038362503052,2024-04-10
2024-04-09,SPM-01,gsinima,0.1728286147117614,2024-04-10
2024-04-08,CHL-01,adasa,2.4569125175476074,2024-04-09
2024-04-08,SPM-01,adasa,1.9257363080978396,2024-04-09
2024-04-08,CHL-01,gsinima,0.1943470537662506,2024-04-09
2024-04-08,SPM-01,gsinima,0.4096924662590026,2024-04-09
2024-04-07,CHL-01,adasa,0.660054862499237,2024-04-08
2024-04-07,SPM-01,adasa,0.6584398746490479,2024-04-08
2024-04-07,CHL-01,gsinima,0.1808413565158844,2024-04-08
2024-04-07,SPM-01,gsinima,,2024-04-08
2024-04-06,SPM-01,adasa,0.7863376140594482,2024-04-07
2024-04-06,CHL-01,adasa,1.0170512199401855,2024-04-07
2024-04-06,SPM-01,gsinima,0.5781825184822083,2024-04-07
2024-04-06,CHL-01,gsinima,0.195338100194931,2024-04-07
2024-04-05,SPM-01,adasa,1.1623549461364746,2024-04-06
2024-04-05,CHL-01,adasa,14.49350643157959,2024-04-06
2024-04-05,SPM-01,gsinima,0.5629324316978453,2024-04-06
2024-04-05,CHL-01,gsinima,0.3997339606285095,2024-04-06
2024-04-04,CHL-01,adasa,4.926233291625977,2024-04-05
2024-04-04,SPM-01,adasa,0.977655827999115,2024-04-05
2024-04-04,CHL-01,gsinima,0.6930164098739624,2024-04-05
2024-04-04,SPM-01,gsinima,,2024-04-05
2024-04-03,SPM-01,adasa,0.9277218580245972,2024-04-04
2024-04-03,CHL-01,adasa,1.5245649814605713,2024-04-04
2024-04-03,SPM-01,gsinima,0.1732404232025146,2024-04-04
2024-04-03,CHL-01,gsinima,0.8438454866409301,2024-04-04
2024-04-02,SPM-01,adasa,0.7676024436950682,2024-04-03
2024-04-02,CHL-01,adasa,1.2734317779541016,2024-04-03
2024-04-02,SPM-01,gsinima,,2024-04-03
2024-04-02,CHL-01,gsinima,0.2701184153556823,2024-04-03
2024-04-01,SPM-01,adasa,,2024-04-02
2024-04-01,CHL-01,adasa,0.678459644317627,2024-04-02
2024-04-01,SPM-01,gsinima,,2024-04-02
2024-04-01,CHL-01,gsinima,0.2841021716594696,2024-04-02
2024-03-31,SPM-01,adasa,,2024-04-01
2024-03-31,CHL-01,adasa,1.7589091062545776,2024-04-01
2024-03-31,SPM-01,gsinima,,2024-04-01
2024-03-31,CHL-01,gsinima,0.2843765020370483,2024-04-01
2024-03-30,CHL-01,adasa,1.1156156063079834,2024-03-31
2024-03-30,SPM-01,adasa,0.5443116426467896,2024-03-31
2024-03-30,CHL-01,gsinima,0.2845277190208435,2024-03-31
2024-03-30,SPM-01,gsinima,0.3513185381889343,2024-03-31
2024-03-29,SPM-01,adasa,0.5587528347969055,2024-03-30
2024-03-29,CHL-01,adasa,9.867774963378906,2024-03-30
2024-03-29,SPM-01,gsinima,,2024-03-30
2024-03-29,CHL-01,gsinima,0.317941278219223,2024-03-30
2024-03-28,CHL-01,adasa,1.265254020690918,2024-03-29
2024-03-28,CHL-01,gsinima,0.2923811376094818,2024-03-29
2024-03-27,CHL-01,adasa,2.9908335208892822,2024-03-28
2024-03-27,SPM-01,adasa,0.5472161173820494,2024-03-28
2024-03-27,CHL-01,gsinima,1.113589644432068,2024-03-28
2024-03-27,SPM-01,gsinima,0.3296975791454315,2024-03-28
2024-03-26,SPM-01,adasa,0.5797761082649231,2024-03-27
2024-03-26,CHL-01,adasa,4.37382173538208,2024-03-27
2024-03-26,SPM-01,gsinima,0.404367446899414,2024-03-27
2024-03-26,CHL-01,gsinima,1.8278071880340576,2024-03-27
2024-03-25,CHL-01,adasa,1.4922078847885132,2024-03-26
2024-03-25,SPM-01,adasa,,2024-03-26
2024-03-25,CHL-01,gsinima,0.2048332691192627,2024-03-26
2024-03-25,SPM-01,gsinima,0.8357295989990234,2024-03-26
2024-03-24,CHL-01,adasa,1.3669521808624268,2024-03-25
2024-03-24,CHL-01,gsinima,0.2599986493587493,2024-03-25
2024-03-23,CHL-01,adasa,1.3660987615585327,2024-03-25
2024-03-23,CHL-01,gsinima,0.3503854274749755,2024-03-25
2024-03-22,SPM-01,adasa,1.5993024110794067,2024-03-23
2024-03-22,CHL-01,adasa,2.1513464450836186,2024-03-23
2024-03-22,SPM-01,gsinima,,2024-03-23
2024-03-22,CHL-01,gsinima,0.3503805100917816,2024-03-23
2024-03-21,SPM-01,adasa,2.4144766330718994,2024-03-22
2024-03-21,CHL-01,adasa,2.951689481735229,2024-03-22
2024-03-21,SPM-01,gsinima,0.5562842488288879,2024-03-22
2024-03-21,CHL-01,gsinima,0.373368501663208,2024-03-22
2024-03-20,SPM-01,adasa,2.574192523956299,2024-03-21
2024-03-20,CHL-01,adasa,5.597978115081787,2024-03-21
2024-03-20,SPM-01,gsinima,0.3526908755302429,2024-03-21
2024-03-20,CHL-01,gsinima,0.9819155931472778,2024-03-21
2024-03-19,CHL-01,adasa,7.682173252105714,2024-03-20
2024-03-19,SPM-01,adasa,2.2343065738677974,2024-03-20
2024-03-19,CHL-01,gsinima,0.4654318392276763,2024-03-20
2024-03-19,SPM-01,gsinima,,2024-03-20
2024-03-18,CHL-01,adasa,3.5530376434326167,2024-03-20
2024-03-18,SPM-01,adasa,2.0226945877075195,2024-03-20
2024-03-18,CHL-01,gsinima,0.6586235761642456,2024-03-20
2024-03-18,SPM-01,gsinima,0.3113115429878234,2024-03-20
2024-03-17,SPM-01,adasa,2.101595878601074,2024-03-18
2024-03-17,CHL-01,adasa,11.083523750305176,2024-03-18
2024-03-17,SPM-01,gsinima,0.4033781588077545,2024-03-18
2024-03-17,CHL-01,gsinima,0.314901053905487,2024-03-18
2024-03-16,SPM-01,adasa,2.1327378749847408,2024-03-17
2024-03-16,CHL-01,adasa,2.8920724391937256,2024-03-17
2024-03-16,SPM-01,gsinima,0.4053359627723693,2024-03-17
2024-03-16,CHL-01,gsinima,0.3348342776298522,2024-03-17
2024-03-15,SPM-01,adasa,1.830804467201233,2024-03-16
2024-03-15,CHL-01,adasa,1.5698437690734863,2024-03-16
2024-03-15,SPM-01,gsinima,0.5656080842018127,2024-03-16
2024-03-15,CHL-01,gsinima,0.2912850975990295,2024-03-16
2024-03-14,SPM-01,adasa,1.7663403749465942,2024-03-15
2024-03-14,CHL-01,adasa,3.521495819091797,2024-03-15
2024-03-14,SPM-01,gsinima,0.3502349257469177,2024-03-15
2024-03-14,CHL-01,gsinima,0.4690144658088684,2024-03-15
2024-03-13,SPM-01,adasa,1.5156986713409424,2024-03-14
2024-03-13,CHL-01,adasa,1.7732574939727783,2024-03-14
2024-03-13,SPM-01,gsinima,0.5374370217323303,2024-03-14
2024-03-13,CHL-01,gsinima,0.3106628954410553,2024-03-14
2024-03-12,SPM-01,adasa,1.5997380018234253,2024-03-13
2024-03-12,CHL-01,adasa,1.9569292068481443,2024-03-13
2024-03-12,SPM-01,gsinima,0.3262634575366973,2024-03-13
2024-03-12,CHL-01,gsinima,3.042062282562256,2024-03-13
2024-03-11,CHL-01,adasa,3.9907622337341304,2024-03-12
2024-03-11,SPM-01,adasa,1.9420801401138303,2024-03-12
2024-03-11,CHL-01,gsinima,0.3591655790805816,2024-03-12
2024-03-11,SPM-01,gsinima,0.4685167372226715,2024-03-12
2024-03-10,CHL-01,adasa,1.4701608419418335,2024-03-11
2024-03-10,SPM-01,adasa,1.292269945144653,2024-03-11
2024-03-10,CHL-01,gsinima,0.2854990363121032,2024-03-11
2024-03-10,SPM-01,gsinima,0.4736626744270324,2024-03-11
2024-03-09,CHL-01,adasa,2.7704131603240967,2024-03-11
2024-03-09,CHL-01,adasa,2.7704131603240967,2024-03-11
2024-03-09,SPM-01,adasa,1.0622678995132446,2024-03-11
2024-03-09,SPM-01,adasa,1.0622678995132446,2024-03-11
2024-03-09,CHL-01,gsinima,0.345506727695465,2024-03-11
2024-03-09,CHL-01,gsinima,0.345506727695465,2024-03-11
2024-03-09,SPM-01,gsinima,0.6675065755844116,2024-03-11
2024-03-09,SPM-01,gsinima,0.6675065755844116,2024-03-11
2024-03-08,SPM-01,adasa,1.2263059616088867,2024-03-09
2024-03-08,CHL-01,adasa,3.3903238773345947,2024-03-09
2024-03-08,SPM-01,gsinima,0.6112707257270813,2024-03-09
2024-03-08,CHL-01,gsinima,0.5899578332901001,2024-03-09
2024-03-07,SPM-01,adasa,1.489008545875549,2024-03-08
2024-03-07,CHL-01,adasa,2.925545454025269,2024-03-08
2024-03-07,SPM-01,gsinima,0.5623343586921691,2024-03-08
2024-03-07,CHL-01,gsinima,2.112208366394043,2024-03-08
2024-03-06,SPM-01,adasa,1.9071869850158687,2024-03-07
2024-03-06,CHL-01,adasa,3.5177173614501958,2024-03-07
2024-03-06,SPM-01,gsinima,0.4747554659843444,2024-03-07
2024-03-06,CHL-01,gsinima,3.787351608276367,2024-03-07
2024-03-05,CHL-01,adasa,7.079675674438477,2024-03-06
2024-03-05,SPM-01,adasa,2.266035318374634,2024-03-06
2024-03-05,CHL-01,gsinima,3.441671848297119,2024-03-06
2024-03-05,SPM-01,gsinima,0.4328561425209045,2024-03-06
2024-03-04,CHL-01,adasa,3.650031566619873,2024-03-05
2024-03-04,SPM-01,adasa,2.229689359664917,2024-03-05
2024-03-04,CHL-01,gsinima,2.053617477416992,2024-03-05
2024-03-04,SPM-01,gsinima,0.363312304019928,2024-03-05
2024-03-03,CHL-01,adasa,4.108612537384033,2024-03-04
2024-03-03,SPM-01,adasa,2.022608757019043,2024-03-04
2024-03-03,CHL-01,gsinima,0.5050932168960571,2024-03-04
2024-03-03,SPM-01,gsinima,0.6421179175376892,2024-03-04
2024-03-02,SPM-01,adasa,1.9499706029891968,2024-03-03
2024-03-02,CHL-01,adasa,3.654508352279663,2024-03-03
2024-03-02,SPM-01,gsinima,0.409365177154541,2024-03-03
2024-03-02,CHL-01,gsinima,0.7094992399215698,2024-03-03
2024-03-01,SPM-01,adasa,1.864241361618042,2024-03-02
2024-03-01,CHL-01,adasa,2.4528794288635254,2024-03-02
2024-03-01,SPM-01,gsinima,0.4255321621894836,2024-03-02
2024-03-01,CHL-01,gsinima,0.4068425297737121,2024-03-02
2024-02-29,CHL-01,adasa,4.680467128753662,2024-03-01
2024-02-29,SPM-01,adasa,1.5139442682266235,2024-03-01
2024-02-29,SPM-01,adasa,1.5139442682266235,2024-03-01
2024-02-29,CHL-01,adasa,4.680467128753662,2024-03-01
2024-02-29,CHL-01,gsinima,1.1590945720672607,2024-03-01
2024-02-29,SPM-01,gsinima,0.4722715020179748,2024-03-01
2024-02-29,SPM-01,gsinima,0.4722715020179748,2024-03-01
2024-02-29,CHL-01,gsinima,1.1590945720672607,2024-03-01
2024-02-28,CHL-01,adasa,4.11489486694336,2024-02-29
2024-02-28,SPM-01,adasa,1.737894892692566,2024-02-29
2024-02-28,CHL-01,gsinima,0.4484684467315673,2024-02-29
2024-02-28,SPM-01,gsinima,0.3706653416156768,2024-02-29
2024-02-27,SPM-01,adasa,1.3615736961364746,2024-02-28
2024-02-27,CHL-01,adasa,5.531930446624756,2024-02-28
2024-02-27,SPM-01,gsinima,0.4398262798786163,2024-02-28
2024-02-27,CHL-01,gsinima,0.2937141358852386,2024-02-28
2024-02-26,CHL-01,adasa,1.8100094795227049,2024-02-28
2024-02-26,CHL-01,gsinima,0.3404214084148407,2024-02-28
2024-02-26,SPM-01,adasa,1.6603912115097046,2024-02-27
2024-02-26,CHL-01,adasa,1.8100094795227049,2024-02-27
2024-02-26,SPM-01,gsinima,0.503684401512146,2024-02-27
2024-02-26,CHL-01,gsinima,0.3404214084148407,2024-02-27
2024-02-25,CHL-01,adasa,4.013569355010985,2024-02-26
2024-02-25,SPM-01,adasa,,2024-02-26
2024-02-25,CHL-01,gsinima,4.509390354156494,2024-02-26
2024-02-25,SPM-01,gsinima,,2024-02-26
2024-02-24,CHL-01,adasa,4.01114559173584,2024-02-25
2024-02-24,SPM-01,adasa,1.4085086584091189,2024-02-25
2024-02-24,CHL-01,gsinima,4.747193336486816,2024-02-25
2024-02-24,SPM-01,gsinima,0.5067445039749146,2024-02-25
2024-02-23,CHL-01,adasa,3.595922470092773,2024-02-24
2024-02-23,SPM-01,adasa,1.169292449951172,2024-02-24
2024-02-23,CHL-01,gsinima,4.3133392333984375,2024-02-24
2024-02-23,SPM-01,gsinima,0.4673658311367034,2024-02-24
2024-02-22,SPM-01,adasa,,2024-02-23
2024-02-22,SPM-01,adasa,,2024-02-23
2024-02-22,CHL-01,adasa,,2024-02-23
2024-02-22,CHL-01,adasa,,2024-02-23
2024-02-22,SPM-01,adasa,0.9225955009460448,2024-02-23
2024-02-22,CHL-01,adasa,4.794918060302734,2024-02-23
2024-02-22,SPM-01,gsinima,,2024-02-23
2024-02-22,SPM-01,gsinima,,2024-02-23
2024-02-22,CHL-01,gsinima,,2024-02-23
2024-02-22,CHL-01,gsinima,,2024-02-23
2024-02-22,SPM-01,gsinima,0.3014313876628875,2024-02-23
2024-02-22,CHL-01,gsinima,4.454218864440918,2024-02-23
2024-02-21,CHL-01,adasa,,2024-02-22
2024-02-21,SPM-01,adasa,,2024-02-22
2024-02-21,CHL-01,adasa,1.6897367238998413,2024-02-22
2024-02-21,SPM-01,adasa,0.8337317705154418,2024-02-22
2024-02-21,CHL-01,gsinima,,2024-02-22
2024-02-21,SPM-01,gsinima,,2024-02-22
2024-02-21,CHL-01,gsinima,1.0358741283416748,2024-02-22
2024-02-21,SPM-01,gsinima,1.3462527990341189,2024-02-22
2024-02-20,CHL-01,adasa,2.719451427459717,2024-02-22
2024-02-20,SPM-01,adasa,0.947771430015564,2024-02-22
2024-02-20,CHL-01,gsinima,0.7751563787460327,2024-02-22
2024-02-20,SPM-01,gsinima,0.3199242651462554,2024-02-22
2024-02-20,SPM-01,adasa,,2024-02-21
2024-02-20,CHL-01,adasa,,2024-02-21
2024-02-20,SPM-01,gsinima,,2024-02-21
2024-02-20,CHL-01,gsinima,,2024-02-21
2024-02-19,SPM-01,adasa,0.7921366095542907,2024-02-20
2024-02-19,CHL-01,adasa,3.1189398765563965,2024-02-20
2024-02-19,SPM-01,gsinima,0.2730521261692047,2024-02-20
2024-02-19,CHL-01,gsinima,0.728141188621521,2024-02-20
2024-02-18,CHL-01,adasa,1.0584230422973633,2024-02-19
2024-02-18,SPM-01,adasa,0.394060879945755,2024-02-19
2024-02-18,CHL-01,gsinima,0.3932392001152038,2024-02-19
2024-02-18,SPM-01,gsinima,0.883428692817688,2024-02-19
2024-02-17,SPM-01,adasa,0.4769904613494873,2024-02-18
2024-02-17,CHL-01,adasa,1.2252862453460691,2024-02-18
2024-02-17,SPM-01,gsinima,,2024-02-18
2024-02-17,CHL-01,gsinima,0.5041757822036743,2024-02-18
2024-02-16,CHL-01,adasa,0.7918086051940918,2024-02-17
2024-02-16,SPM-01,adasa,,2024-02-17
2024-02-16,CHL-01,gsinima,0.5265043377876281,2024-02-17
2024-02-16,SPM-01,gsinima,,2024-02-17
2024-02-15,CHL-01,gsinima,0.5272676944732666,2024-02-16
2024-02-15,CHL-01,gsinima,0.5272676944732666,2024-02-16
2024-02-15,SPM-01,gsinima,0.5980436205863952,2024-02-16
2024-02-15,SPM-01,gsinima,0.5980436205863952,2024-02-16
2024-02-15,SPM-01,adasa,,2024-02-16
2024-02-15,SPM-01,adasa,,2024-02-16
2024-02-15,CHL-01,adasa,1.15380597114563,2024-02-16
2024-02-15,CHL-01,adasa,1.15380597114563,2024-02-16
2024-02-14,CHL-01,adasa,,2024-02-15
2024-02-14,SPM-01,adasa,,2024-02-15
2024-02-14,CHL-01,gsinima,,2024-02-15
2024-02-14,SPM-01,gsinima,,2024-02-15
2024-02-14,CHL-01,gsinima,1.6290380954742432,2024-02-16
2024-02-14,SPM-01,gsinima,0.4603217542171478,2024-02-16
2024-02-14,SPM-01,adasa,0.2947266697883606,2024-02-16
2024-02-14,CHL-01,adasa,1.12975013256073,2024-02-16
2024-02-13,SPM-01,adasa,0.7096038460731506,2024-02-14
2024-02-13,CHL-01,adasa,1.2638564109802246,2024-02-14
2024-02-13,SPM-01,gsinima,0.767152190208435,2024-02-14
2024-02-13,CHL-01,gsinima,0.5473874807357788,2024-02-14
2024-02-13,CHL-01,gsinima,0.5473874807357788,2024-02-16
2024-02-13,SPM-01,gsinima,0.767152190208435,2024-02-16
2024-02-13,SPM-01,adasa,0.7096038460731506,2024-02-16
2024-02-13,CHL-01,adasa,1.2638564109802246,2024-02-16
2024-02-12,SPM-01,adasa,,2024-02-13
2024-02-12,CHL-01,adasa,0.3653326630592346,2024-02-13
2024-02-12,SPM-01,gsinima,0.5239163637161254,2024-02-13
2024-02-12,CHL-01,gsinima,4.633831024169922,2024-02-13
2024-02-11,CHL-01,adasa,0.4005609452724456,2024-02-12
2024-02-11,SPM-01,adasa,,2024-02-12
2024-02-11,CHL-01,gsinima,7.366110324859619,2024-02-12
2024-02-11,SPM-01,gsinima,,2024-02-12
2024-02-10,CHL-01,adasa,0.3463743329048156,2024-02-11
2024-02-10,SPM-01,adasa,,2024-02-11
2024-02-10,CHL-01,gsinima,7.344705104827882,2024-02-11
2024-02-10,SPM-01,gsinima,,2024-02-11
2024-02-09,CHL-01,adasa,0.8227711915969848,2024-02-10
2024-02-09,SPM-01,adasa,0.4282673597335815,2024-02-10
2024-02-09,CHL-01,gsinima,8.136442184448242,2024-02-10
2024-02-09,SPM-01,gsinima,,2024-02-10
2024-02-08,CHL-01,adasa,0.507790207862854,2024-02-09
2024-02-08,SPM-01,adasa,0.4906045496463775,2024-02-09
2024-02-08,CHL-01,gsinima,9.45893669128418,2024-02-09
2024-02-08,SPM-01,gsinima,1.0022276639938354,2024-02-09
2024-02-07,SPM-01,adasa,,2024-02-08
2024-02-07,CHL-01,adasa,,2024-02-08
2024-02-07,SPM-01,gsinima,,2024-02-08
2024-02-07,CHL-01,gsinima,,2024-02-08
2024-02-07,SPM-01,adasa,0.2979856431484222,2024-02-09
2024-02-07,CHL-01,adasa,0.4986140131950378,2024-02-09
2024-02-07,SPM-01,gsinima,0.7175766229629515,2024-02-09
2024-02-07,CHL-01,gsinima,1.3366714715957642,2024-02-09
2024-02-06,SPM-01,adasa,0.1485548615455627,2024-02-07
2024-02-06,CHL-01,adasa,0.7558088898658752,2024-02-07
2024-02-06,SPM-01,gsinima,1.2625740766525269,2024-02-07
2024-02-06,CHL-01,gsinima,3.521275758743286,2024-02-07
2024-02-05,CHL-01,adasa,0.8042696714401245,2024-02-06
2024-02-05,SPM-01,adasa,0.3818106949329376,2024-02-06
2024-02-05,CHL-01,gsinima,8.71936321258545,2024-02-06
2024-02-05,SPM-01,gsinima,0.9273402094841005,2024-02-06
2024-02-04,SPM-01,gsinima,1.017839431762695,2024-02-05
2024-02-04,CHL-01,gsinima,0.761031150817871,2024-02-05
2024-02-04,SPM-01,adasa,0.2647064328193664,2024-02-05
2024-02-04,CHL-01,adasa,0.3654064536094665,2024-02-05
2024-02-03,SPM-01,gsinima,0.3145347535610199,2024-02-05
2024-02-03,CHL-01,gsinima,7.018893241882324,2024-02-05
2024-02-03,CHL-01,adasa,0.6758480668067932,2024-02-05
2024-02-03,SPM-01,adasa,0.4867238700389862,2024-02-05
2024-02-02,CHL-01,gsinima,0.4668808877468109,2024-02-05
2024-02-02,SPM-01,gsinima,0.4872719645500183,2024-02-05
2024-02-02,SPM-01,adasa,,2024-02-05
2024-02-02,CHL-01,adasa,0.3938229382038116,2024-02-05
2024-02-01,CHL-01,gsinima,4.340746879577637,2024-02-05
2024-02-01,SPM-01,gsinima,0.422952651977539,2024-02-05
2024-02-01,SPM-01,adasa,0.818310260772705,2024-02-05
2024-02-01,CHL-01,adasa,0.8287270665168762,2024-02-05
2024-01-31,SPM-01,adasa,1.7879152297973633,2024-02-01
2024-01-31,CHL-01,adasa,0.7304319739341735,2024-02-01
2024-01-31,SPM-01,gsinima,0.603588581085205,2024-02-01
2024-01-31,CHL-01,gsinima,1.9118937253952024,2024-02-01
2024-01-30,SPM-01,adasa,1.0798568725585938,2024-01-31
2024-01-30,CHL-01,adasa,1.0551190376281738,2024-01-31
2024-01-30,SPM-01,gsinima,0.7375115156173706,2024-01-31
2024-01-30,CHL-01,gsinima,0.7289231419563293,2024-01-31
2024-01-29,CHL-01,adasa,1.3751345872879028,2024-01-30
2024-01-29,SPM-01,adasa,1.0412099361419678,2024-01-30
2024-01-29,CHL-01,gsinima,1.9341875314712524,2024-01-30
2024-01-29,SPM-01,gsinima,0.6867591738700866,2024-01-30
2024-01-28,CHL-01,adasa,0.7760460376739502,2024-01-29
2024-01-28,SPM-01,adasa,0.8245783448219299,2024-01-29
2024-01-28,CHL-01,gsinima,1.823328256607056,2024-01-29
2024-01-28,SPM-01,gsinima,0.7567254304885864,2024-01-29
2024-01-27,CHL-01,adasa,1.884902000427246,2024-01-28
2024-01-27,SPM-01,adasa,1.3688124418258667,2024-01-28
2024-01-27,CHL-01,gsinima,3.169840812683105,2024-01-28
2024-01-27,SPM-01,gsinima,0.7647342085838317,2024-01-28
2024-01-26,CHL-01,adasa,2.0015339851379395,2024-01-27
2024-01-26,SPM-01,adasa,1.356628179550171,2024-01-27
2024-01-26,CHL-01,gsinima,4.020400047302246,2024-01-27
2024-01-26,SPM-01,gsinima,0.9278903007507324,2024-01-27
2024-01-25,SPM-01,adasa,1.5654792785644531,2024-01-26
2024-01-25,CHL-01,adasa,2.3136258125305176,2024-01-26
2024-01-25,SPM-01,gsinima,0.6720776557922363,2024-01-26
2024-01-25,CHL-01,gsinima,8.628368377685547,2024-01-26
2024-01-24,CHL-01,adasa,3.2704458236694336,2024-01-25
2024-01-24,SPM-01,adasa,1.4510360956192017,2024-01-25
2024-01-24,CHL-01,gsinima,1.558051347732544,2024-01-25
2024-01-24,SPM-01,gsinima,0.4498644173145294,2024-01-25
2024-01-23,SPM-01,adasa,1.2959216833114624,2024-01-24
2024-01-23,CHL-01,adasa,1.973530888557434,2024-01-24
2024-01-23,SPM-01,gsinima,0.3887266516685485,2024-01-24
2024-01-23,CHL-01,gsinima,2.878542184829712,2024-01-24
2024-01-22,CHL-01,adasa,2.665762424468994,2024-01-23
2024-01-22,SPM-01,adasa,1.154211401939392,2024-01-23
2024-01-22,CHL-01,gsinima,0.7277860045433044,2024-01-23
2024-01-22,SPM-01,gsinima,0.5860195159912109,2024-01-23
2024-01-21,CHL-01,adasa,2.6887826919555664,2024-01-22
2024-01-21,SPM-01,adasa,1.3639450073242188,2024-01-22
2024-01-21,CHL-01,gsinima,2.490846633911133,2024-01-22
2024-01-21,SPM-01,gsinima,1.2023017406463623,2024-01-22
2024-01-20,CHL-01,adasa,3.2940993309021,2024-01-21
2024-01-20,SPM-01,adasa,1.5065271854400637,2024-01-21
2024-01-20,CHL-01,gsinima,2.9387011528015137,2024-01-21
2024-01-20,SPM-01,gsinima,,2024-01-21
2024-01-19,CHL-01,adasa,2.482128143310547,2024-01-20
2024-01-19,SPM-01,adasa,1.7023732662200928,2024-01-20
2024-01-19,CHL-01,gsinima,2.9274816513061523,2024-01-20
2024-01-19,SPM-01,gsinima,1.3718249797821045,2024-01-20
2024-01-18,SPM-01,adasa,1.7231775522232056,2024-01-19
2024-01-18,CHL-01,adasa,1.0780088901519775,2024-01-19
2024-01-18,SPM-01,gsinima,1.5638198852539062,2024-01-19
2024-01-18,CHL-01,gsinima,9.856971740722656,2024-01-19
2024-01-17,SPM-01,adasa,,2024-01-18
2024-01-17,CHL-01,adasa,0.8590975999832153,2024-01-18
2024-01-17,SPM-01,gsinima,0.8884364366531372,2024-01-18
2024-01-17,CHL-01,gsinima,4.585311412811279,2024-01-18
2024-01-16,SPM-01,adasa,1.1100051403045654,2024-01-17
2024-01-16,CHL-01,adasa,1.3855271339416504,2024-01-17
2024-01-16,SPM-01,gsinima,1.0630913972854614,2024-01-17
2024-01-16,CHL-01,gsinima,4.1011691093444815,2024-01-17
2024-01-15,CHL-01,adasa,6.100461006164551,2024-01-16
2024-01-15,SPM-01,adasa,2.404000759124756,2024-01-16
2024-01-15,CHL-01,gsinima,7.063361167907715,2024-01-16
2024-01-15,SPM-01,gsinima,0.9440222978591918,2024-01-16
2024-01-14,SPM-01,adasa,,2024-01-15
2024-01-14,CHL-01,adasa,3.5656089782714844,2024-01-15
2024-01-14,SPM-01,gsinima,,2024-01-15
2024-01-14,CHL-01,gsinima,0.3122085928916931,2024-01-15
2024-01-13,CHL-01,adasa,7.2763023376464835,2024-01-14
2024-01-13,CHL-01,adasa,7.2763023376464835,2024-01-14
2024-01-13,CHL-01,gsinima,0.3092173337936401,2024-01-14
2024-01-13,CHL-01,gsinima,0.3092173337936401,2024-01-14
2024-01-13,SPM-01,gsinima,1.1085410118103027,2024-01-14
2024-01-13,SPM-01,gsinima,1.1085410118103027,2024-01-14
2024-01-13,SPM-01,adasa,3.1238017082214355,2024-01-14
2024-01-13,SPM-01,adasa,3.1238017082214355,2024-01-14
2024-01-11,CHL-01,adasa,3.100828170776367,2024-01-12
2024-01-11,SPM-01,adasa,1.2301146984100342,2024-01-12
2024-01-11,CHL-01,gsinima,2.4422831535339355,2024-01-12
2024-01-11,SPM-01,gsinima,1.4956209659576416,2024-01-12
2024-01-10,SPM-01,adasa,0.843707799911499,2024-01-11
2024-01-10,CHL-01,adasa,2.360964298248291,2024-01-11
2024-01-10,SPM-01,gsinima,0.8057888746261596,2024-01-11
2024-01-10,CHL-01,gsinima,1.8717005252838133,2024-01-11
2024-01-09,SPM-01,adasa,1.1468181610107422,2024-01-10
2024-01-09,CHL-01,adasa,3.2776529788970947,2024-01-10
2024-01-09,SPM-01,gsinima,2.3033285140991206,2024-01-10
2024-01-09,CHL-01,gsinima,11.217958450317385,2024-01-10
2024-01-08,SPM-01,adasa,1.0692884922027588,2024-01-09
2024-01-08,CHL-01,adasa,7.758160591125488,2024-01-09
2024-01-08,SPM-01,gsinima,1.9599825143814087,2024-01-09
2024-01-08,CHL-01,gsinima,11.34618091583252,2024-01-09
2024-01-07,SPM-01,adasa,1.0654538869857788,2024-01-08
2024-01-07,CHL-01,adasa,2.814955472946167,2024-01-08
2024-01-07,SPM-01,gsinima,1.7184691429138184,2024-01-08
2024-01-07,CHL-01,gsinima,2.610041618347168,2024-01-08
2024-01-06,SPM-01,adasa,1.2579100131988523,2024-01-07
2024-01-06,CHL-01,adasa,0.9952911734580993,2024-01-07
2024-01-06,CHL-01,adasa,0.9952911734580993,2024-01-07
2024-01-06,SPM-01,gsinima,2.4265811443328857,2024-01-07
2024-01-06,CHL-01,gsinima,12.948762893676758,2024-01-07
2024-01-06,CHL-01,gsinima,12.948762893676758,2024-01-07
2024-01-05,SPM-01,adasa,1.241119146347046,2024-01-06
2024-01-05,SPM-01,gsinima,2.28264594078064,2024-01-06
2024-01-04,CHL-01,adasa,2.352048397064209,2024-01-05
2024-01-04,SPM-01,adasa,1.7559573650360107,2024-01-05
2024-01-04,CHL-01,gsinima,5.351308822631836,2024-01-05
2024-01-04,SPM-01,gsinima,1.5206091403961182,2024-01-05
2024-01-03,SPM-01,adasa,1.9928411245346067,2024-01-04
2024-01-03,CHL-01,adasa,7.14626407623291,2024-01-04
2024-01-03,SPM-01,gsinima,1.2501477003097534,2024-01-04
2024-01-03,CHL-01,gsinima,8.58538818359375,2024-01-04
2024-01-02,SPM-01,adasa,1.8519408702850344,2024-01-03
2024-01-02,CHL-01,adasa,1.0763620138168335,2024-01-03
2024-01-02,SPM-01,gsinima,0.7481390237808228,2024-01-03
2024-01-02,CHL-01,gsinima,1.1984384059906006,2024-01-03
2024-01-01,CHL-01,adasa,15.354063034057615,2024-01-02
2024-01-01,SPM-01,adasa,2.8147261142730717,2024-01-02
2024-01-01,CHL-01,gsinima,0.5311059951782225,2024-01-02
2024-01-01,SPM-01,gsinima,0.5671066045761108,2024-01-02
2023-12-31,SPM-01,adasa,2.9743492603302,2024-01-01
2023-12-31,CHL-01,adasa,5.3863773345947275,2024-01-01
2023-12-31,SPM-01,gsinima,1.633131980895996,2024-01-01
2023-12-31,CHL-01,gsinima,3.9219095706939697,2024-01-01
2023-12-30,SPM-01,adasa,2.967616081237793,2023-12-31
2023-12-30,CHL-01,adasa,5.901212692260742,2023-12-31
2023-12-30,SPM-01,gsinima,0.6660802364349365,2023-12-31
2023-12-30,CHL-01,gsinima,1.1518381834030151,2023-12-31
2023-12-29,SPM-01,adasa,3.1332521438598637,2023-12-30
2023-12-29,CHL-01,adasa,12.150323867797852,2023-12-30
2023-12-29,SPM-01,gsinima,1.3443515300750732,2023-12-30
2023-12-29,CHL-01,gsinima,6.930866241455078,2023-12-30
2023-12-28,SPM-01,adasa,2.871078491210937,2023-12-29
2023-12-28,CHL-01,adasa,7.663081169128418,2023-12-29
2023-12-28,SPM-01,gsinima,1.2847580909729004,2023-12-29
2023-12-28,CHL-01,gsinima,1.1526966094970703,2023-12-29
2023-12-27,CHL-01,adasa,2.184950113296509,2023-12-28
2023-12-27,SPM-01,adasa,1.5375018119812012,2023-12-28
2023-12-27,CHL-01,gsinima,11.740413665771484,2023-12-28
2023-12-27,SPM-01,gsinima,1.3701624870300293,2023-12-28
2023-12-26,SPM-01,adasa,0.5076104998588562,2023-12-28
2023-12-26,CHL-01,adasa,3.4222927093505855,2023-12-28
2023-12-26,SPM-01,gsinima,1.0244048833847046,2023-12-28
2023-12-26,CHL-01,gsinima,4.106932640075684,2023-12-28
2023-12-25,SPM-01,adasa,1.0218275785446167,2023-12-26
2023-12-25,CHL-01,adasa,2.264383316040039,2023-12-26
2023-12-25,SPM-01,gsinima,0.8651238083839417,2023-12-26
2023-12-25,CHL-01,gsinima,0.3222892880439758,2023-12-26
2023-12-24,SPM-01,adasa,0.9928763508796692,2023-12-25
2023-12-24,CHL-01,adasa,1.9498612880706787,2023-12-25
2023-12-24,SPM-01,gsinima,1.09257972240448,2023-12-25
2023-12-24,CHL-01,gsinima,5.217639446258545,2023-12-25
2023-12-23,SPM-01,adasa,1.1481173038482666,2023-12-24
2023-12-23,CHL-01,adasa,1.9169633388519287,2023-12-24
2023-12-23,SPM-01,gsinima,0.7190184593200682,2023-12-24
2023-12-23,CHL-01,gsinima,1.1518163681030271,2023-12-24
2023-12-22,SPM-01,adasa,1.4466041326522827,2023-12-23
2023-12-22,CHL-01,adasa,5.903336524963378,2023-12-23
2023-12-22,SPM-01,gsinima,0.6749261021614074,2023-12-23
2023-12-22,CHL-01,gsinima,1.5491796731948853,2023-12-23
2023-12-21,SPM-01,adasa,1.4797737598419187,2023-12-22
2023-12-21,CHL-01,adasa,2.5783400535583496,2023-12-22
2023-12-21,SPM-01,gsinima,1.0553998947143557,2023-12-22
2023-12-21,CHL-01,gsinima,0.7760106325149536,2023-12-22
2023-12-20,CHL-01,adasa,15.67621612548828,2023-12-21
2023-12-20,SPM-01,adasa,1.2844634056091309,2023-12-21
2023-12-20,CHL-01,gsinima,1.9853259325027464,2023-12-21
2023-12-20,SPM-01,gsinima,0.803594946861267,2023-12-21
2023-12-19,CHL-01,adasa,2.9222946166992188,2023-12-20
2023-12-19,SPM-01,adasa,1.065984129905701,2023-12-20
2023-12-19,CHL-01,gsinima,1.389162540435791,2023-12-20
2023-12-19,SPM-01,gsinima,0.7453386783599854,2023-12-20
2023-12-18,CHL-01,adasa,1.031639575958252,2023-12-19
2023-12-18,SPM-01,adasa,1.311142921447754,2023-12-19
2023-12-18,CHL-01,gsinima,0.6843469142913818,2023-12-19
2023-12-18,SPM-01,gsinima,0.7535780668258667,2023-12-19
2023-12-17,CHL-01,adasa,1.0475809574127195,2023-12-18
2023-12-17,SPM-01,adasa,1.3433420658111572,2023-12-18
2023-12-17,CHL-01,gsinima,7.99090528488159,2023-12-18
2023-12-17,SPM-01,gsinima,1.3903660774230957,2023-12-18
2023-12-16,SPM-01,adasa,2.1196463108062744,2023-12-17
2023-12-16,CHL-01,adasa,1.6675746440887451,2023-12-17
2023-12-16,SPM-01,gsinima,1.133908748626709,2023-12-17
2023-12-16,CHL-01,gsinima,4.484531879425049,2023-12-17
2023-12-15,SPM-01,adasa,2.4985952377319336,2023-12-16
2023-12-15,CHL-01,adasa,5.5475664138793945,2023-12-16
2023-12-15,SPM-01,gsinima,1.5562870502471924,2023-12-16
2023-12-15,CHL-01,gsinima,11.398183822631836,2023-12-16
2023-12-14,CHL-01,adasa,1.9418418407440183,2023-12-15
2023-12-14,SPM-01,adasa,2.27846622467041,2023-12-15
2023-12-14,CHL-01,gsinima,12.20667552947998,2023-12-15
2023-12-14,SPM-01,gsinima,1.5114059448242188,2023-12-15
2023-12-13,CHL-01,adasa,3.0981884002685547,2023-12-14
2023-12-13,SPM-01,adasa,1.8850178718566892,2023-12-14
2023-12-13,CHL-01,gsinima,0.2988561391830444,2023-12-14
2023-12-13,SPM-01,gsinima,0.8633389472961425,2023-12-14
2023-12-12,SPM-01,adasa,1.9420013427734373,2023-12-13
2023-12-12,CHL-01,adasa,3.7365705966949454,2023-12-13
2023-12-12,SPM-01,gsinima,0.8170358538627625,2023-12-13
2023-12-12,CHL-01,gsinima,0.381866455078125,2023-12-13
2023-12-11,SPM-01,adasa,2.1224136352539062,2023-12-12
2023-12-11,CHL-01,adasa,2.175757884979248,2023-12-12
2023-12-11,SPM-01,gsinima,0.9716731309890748,2023-12-12
2023-12-11,CHL-01,gsinima,5.338097095489502,2023-12-12
2023-12-10,SPM-01,adasa,,2023-12-11
2023-12-10,CHL-01,adasa,1.467066526412964,2023-12-11
2023-12-10,SPM-01,gsinima,,2023-12-11
2023-12-10,CHL-01,gsinima,0.2942779064178466,2023-12-11
2023-12-09,SPM-01,adasa,,2023-12-10
2023-12-09,CHL-01,adasa,1.4671261310577393,2023-12-10
2023-12-09,SPM-01,gsinima,,2023-12-10
2023-12-09,CHL-01,gsinima,0.2945078909397125,2023-12-10
2023-12-08,CHL-01,adasa,2.883242607116699,2023-12-09
2023-12-08,SPM-01,adasa,2.942790031433105,2023-12-09
2023-12-08,CHL-01,gsinima,0.3059754967689514,2023-12-09
2023-12-08,SPM-01,gsinima,,2023-12-09
2023-12-07,CHL-01,adasa,3.5191879272460938,2023-12-08
2023-12-07,SPM-01,adasa,3.5353305339813232,2023-12-08
2023-12-07,CHL-01,gsinima,0.3048824369907379,2023-12-08
2023-12-07,SPM-01,gsinima,,2023-12-08
2023-12-06,CHL-01,adasa,1.7634096145629885,2023-12-07
2023-12-06,SPM-01,adasa,1.8767597675323489,2023-12-07
2023-12-06,CHL-01,gsinima,0.3050429224967956,2023-12-07
2023-12-06,SPM-01,gsinima,0.6481668949127197,2023-12-07
2023-12-05,SPM-01,adasa,2.0625362396240234,2023-12-06
2023-12-05,CHL-01,adasa,3.1915998458862305,2023-12-06
2023-12-05,SPM-01,gsinima,,2023-12-06
2023-12-05,CHL-01,gsinima,0.4458715617656707,2023-12-06
2023-12-04,CHL-01,adasa,3.282451629638672,2023-12-05
2023-12-04,SPM-01,adasa,1.949357271194458,2023-12-05
2023-12-04,CHL-01,gsinima,0.5107008218765258,2023-12-05
2023-12-04,SPM-01,gsinima,0.8748827576637268,2023-12-05
2023-12-03,SPM-01,adasa,1.3812236785888672,2023-12-04
2023-12-03,CHL-01,adasa,4.952363014221192,2023-12-04
2023-12-03,SPM-01,gsinima,0.6795902252197265,2023-12-04
2023-12-03,CHL-01,gsinima,0.4257199168205261,2023-12-04
2023-12-02,CHL-01,adasa,2.586968421936035,2023-12-03
2023-12-02,SPM-01,adasa,1.1886603832244873,2023-12-03
2023-12-02,CHL-01,gsinima,0.5622913241386412,2023-12-03
2023-12-02,SPM-01,gsinima,0.5895572900772094,2023-12-03
2023-12-01,SPM-01,adasa,1.1470537185668943,2023-12-02
2023-12-01,CHL-01,adasa,7.203716278076172,2023-12-02
2023-12-01,SPM-01,gsinima,0.3914178609848022,2023-12-02
2023-12-01,CHL-01,gsinima,0.9766031503677368,2023-12-02
2023-11-30,SPM-01,adasa,1.0088293552398682,2023-12-01
2023-11-30,CHL-01,adasa,0.9255622625350952,2023-12-01
2023-11-30,SPM-01,gsinima,,2023-12-01
2023-11-30,CHL-01,gsinima,0.2325041741132736,2023-12-01
2023-11-29,CHL-01,adasa,2.033339500427246,2023-11-30
2023-11-29,SPM-01,adasa,0.6432175636291503,2023-11-30
2023-11-29,CHL-01,gsinima,0.3685056567192077,2023-11-30
2023-11-29,SPM-01,gsinima,0.5909826159477233,2023-11-30
2023-11-28,SPM-01,adasa,0.8791338205337524,2023-11-29
2023-11-28,CHL-01,adasa,1.6428544521331787,2023-11-29
2023-11-28,SPM-01,gsinima,0.7869670987129211,2023-11-29
2023-11-28,CHL-01,gsinima,4.441647052764893,2023-11-29
2023-11-27,SPM-01,adasa,0.913154363632202,2023-11-28
2023-11-27,CHL-01,adasa,2.2711007595062256,2023-11-28
2023-11-27,SPM-01,gsinima,0.6684736013412474,2023-11-28
2023-11-27,CHL-01,gsinima,2.064274549484253,2023-11-28
2023-11-26,CHL-01,adasa,4.801189422607422,2023-11-27
2023-11-26,SPM-01,adasa,0.971078634262085,2023-11-27
2023-11-26,CHL-01,gsinima,3.0622007846832275,2023-11-27
2023-11-26,SPM-01,gsinima,0.619402527809143,2023-11-27
2023-11-25,SPM-01,adasa,1.267063856124878,2023-11-26
2023-11-25,CHL-01,adasa,1.6509606838226318,2023-11-26
2023-11-25,SPM-01,gsinima,0.8259485363960266,2023-11-26
2023-11-25,CHL-01,gsinima,0.9815783500671386,2023-11-26
2023-11-24,CHL-01,adasa,3.945469856262207,2023-11-25
2023-11-24,SPM-01,adasa,1.031116962432861,2023-11-25
2023-11-24,CHL-01,gsinima,4.553622245788574,2023-11-25
2023-11-24,SPM-01,gsinima,1.2274651527404783,2023-11-25
2023-11-23,SPM-01,adasa,1.3857924938201904,2023-11-24
2023-11-23,CHL-01,adasa,3.3851442337036133,2023-11-24
2023-11-23,SPM-01,gsinima,1.1809847354888916,2023-11-24
2023-11-23,CHL-01,gsinima,5.841544628143311,2023-11-24
2023-11-22,SPM-01,adasa,1.6528862714767456,2023-11-23
2023-11-22,CHL-01,adasa,3.526694297790528,2023-11-23
2023-11-22,SPM-01,gsinima,0.9519773721694946,2023-11-23
2023-11-22,CHL-01,gsinima,0.8169021606445312,2023-11-23
2023-11-21,CHL-01,adasa,1.948014974594116,2023-11-22
2023-11-21,SPM-01,adasa,1.940088987350464,2023-11-22
2023-11-21,CHL-01,gsinima,0.8655444979667662,2023-11-22
2023-11-21,SPM-01,gsinima,0.7545063495635986,2023-11-22
2023-11-20,SPM-01,adasa,1.8103010654449463,2023-11-21
2023-11-20,CHL-01,adasa,2.027807235717773,2023-11-21
2023-11-20,SPM-01,gsinima,1.6533981561660769,2023-11-21
2023-11-20,CHL-01,gsinima,0.3003894090652465,2023-11-21
2023-11-19,CHL-01,adasa,4.86906623840332,2023-11-20
2023-11-19,SPM-01,adasa,1.828244924545288,2023-11-20
2023-11-19,CHL-01,gsinima,0.3671666979789733,2023-11-20
2023-11-19,SPM-01,gsinima,1.151012301445007,2023-11-20
2023-11-18,CHL-01,adasa,1.715106725692749,2023-11-19
2023-11-18,SPM-01,adasa,1.8253602981567385,2023-11-19
2023-11-18,CHL-01,gsinima,0.444838523864746,2023-11-19
2023-11-18,SPM-01,gsinima,0.6408696174621582,2023-11-19
2023-11-17,SPM-01,adasa,,2023-11-18
2023-11-17,CHL-01,adasa,1.5097343921661377,2023-11-18
2023-11-17,SPM-01,gsinima,0.7418799996376036,2023-11-18
2023-11-17,CHL-01,gsinima,1.3032898902893066,2023-11-18
2023-11-16,SPM-01,adasa,0.951970100402832,2023-11-17
2023-11-16,CHL-01,adasa,0.92553049325943,2023-11-17
2023-11-16,SPM-01,gsinima,,2023-11-17
2023-11-16,CHL-01,gsinima,0.5505506992340087,2023-11-17
2023-11-15,CHL-01,adasa,0.7634567022323608,2023-11-16
2023-11-15,SPM-01,adasa,,2023-11-16
2023-11-15,CHL-01,gsinima,0.4898456335067749,2023-11-16
2023-11-15,SPM-01,gsinima,,2023-11-16
2023-11-14,SPM-01,adasa,0.9122017621994019,2023-11-15
2023-11-14,CHL-01,adasa,0.763839304447174,2023-11-15
2023-11-14,SPM-01,gsinima,0.4796711206436157,2023-11-15
2023-11-14,CHL-01,gsinima,0.4915531575679779,2023-11-15
2023-11-13,CHL-01,adasa,0.5058166980743408,2023-11-14
2023-11-13,SPM-01,adasa,1.1418390274047852,2023-11-14
2023-11-13,CHL-01,gsinima,0.9158343076705932,2023-11-14
2023-11-13,SPM-01,gsinima,0.5495403409004211,2023-11-14
2023-11-12,SPM-01,gsinima,0.4275004863739013,2023-11-13
2023-11-12,SPM-01,gsinima,0.4275004863739013,2023-11-13
2023-11-12,SPM-01,gsinima,0.4275004863739013,2023-11-13
2023-11-12,CHL-01,gsinima,0.5968534350395202,2023-11-13
2023-11-12,CHL-01,gsinima,0.5968534350395202,2023-11-13
2023-11-12,SPM-01,adasa,0.7873573303222656,2023-11-13
2023-11-12,SPM-01,adasa,0.7873573303222656,2023-11-13
2023-11-12,SPM-01,adasa,0.7873573303222656,2023-11-13
2023-11-12,CHL-01,adasa,0.6418272256851196,2023-11-13
2023-11-12,CHL-01,adasa,0.6418272256851196,2023-11-13
2023-11-12,CHL-01,adasa,0.5361696481704711,2023-11-24
2023-11-12,CHL-01,gsinima,0.432086706161499,2023-11-24
2023-11-11,CHL-01,adasa,0.9528089761734008,2023-11-24
2023-11-11,CHL-01,gsinima,0.2729324102401733,2023-11-24
2023-11-10,CHL-01,gsinima,0.4834259152412414,2023-11-13
2023-11-10,SPM-01,gsinima,0.4045360684394836,2023-11-13
2023-11-10,SPM-01,adasa,,2023-11-13
2023-11-10,CHL-01,adasa,0.7096418738365173,2023-11-13
2023-11-10,CHL-01,adasa,0.7096418738365173,2023-11-11
2023-11-10,CHL-01,adasa,0.7096418738365173,2023-11-11
2023-11-10,CHL-01,gsinima,0.4834259152412414,2023-11-11
2023-11-10,CHL-01,gsinima,0.4834259152412414,2023-11-11
2023-11-10,SPM-01,adasa,,2023-11-11
2023-11-10,SPM-01,adasa,,2023-11-11
2023-11-10,SPM-01,gsinima,0.4045360684394836,2023-11-11
2023-11-10,SPM-01,gsinima,0.4045360684394836,2023-11-11
2023-11-09,CHL-01,adasa,0.9811960458755492,2023-11-11
2023-11-09,CHL-01,gsinima,1.502448797225952,2023-11-11
2023-11-09,SPM-01,adasa,,2023-11-11
2023-11-09,SPM-01,gsinima,0.4725712537765502,2023-11-11
2023-11-09,SPM-01,adasa,,2023-11-10
2023-11-09,CHL-01,adasa,0.9811960458755492,2023-11-10
2023-11-09,SPM-01,gsinima,0.4725712537765502,2023-11-10
2023-11-09,CHL-01,gsinima,1.502448797225952,2023-11-10
2023-11-08,CHL-01,adasa,1.9346911907196045,2023-11-11
2023-11-08,CHL-01,gsinima,1.0439507961273191,2023-11-11
2023-11-08,SPM-01,adasa,1.1645150184631348,2023-11-11
2023-11-08,SPM-01,gsinima,0.6484284400939941,2023-11-11
2023-11-07,CHL-01,adasa,0.7662853002548217,2023-11-11
2023-11-07,CHL-01,gsinima,2.1313202381134038,2023-11-11
2023-11-07,SPM-01,adasa,,2023-11-11
2023-11-07,SPM-01,gsinima,0.6812540888786315,2023-11-11
